insert into car(carid, brand, status, cost, pledge)
VALUES
       ('000001', '丰田', 1, 100, 1000),
       ('000002', '丰田', 1, 100, 1000),
       ('000003', '丰田', 1, 100, 1000),
       ('000004', '丰田', 1, 100, 1000),
       ('000005', '丰田', 1, 100, 1000),
       ('000006', '丰田', 1, 100, 1000),
       ('000007', '丰田', 1, 100, 1000),
       ('000008', '丰田', 1, 100, 1000),
       ('000009', '丰田', 1, 100, 1000),
       ('000010', '丰田', 1, 100, 1000),
       ('000011', '本田', 1, 100, 1000),
       ('000012', '本田', 1, 100, 1000),
       ('000013', '本田', 1, 100, 1000),
       ('000014', '本田', 1, 100, 1000),
       ('000015', '本田', 1, 100, 1000),
       ('000016', '本田', 1, 100, 1000),
       ('000017', '本田', 1, 100, 1000),
       ('000018', '本田', 1, 100, 1000),
       ('000019', '本田', 1, 100, 1000),
       ('000020', '本田', 1, 100, 1000),
       ('000021', '奥迪', 1, 200, 2000),
       ('000022', '奥迪', 1, 200, 2000),
       ('000023', '奥迪', 1, 200, 2000),
       ('000024', '奥迪', 1, 200, 2000),
       ('000025', '奥迪', 1, 200, 2000),
       ('000026', '奥迪', 1, 200, 2000),
       ('000027', '奥迪', 1, 200, 2000),
       ('000028', '奥迪', 1, 200, 2000),
       ('000029', '奥迪', 1, 200, 2000),
       ('000030', '奥迪', 1, 200, 2000),
       ('000031', '奔驰', 1, 300, 3000),
       ('000032', '奔驰', 1, 300, 3000),
       ('000033', '奔驰', 1, 300, 3000),
       ('000034', '奔驰', 1, 300, 3000),
       ('000035', '奔驰', 1, 300, 3000),
       ('000036', '奔驰', 1, 300, 3000),
       ('000037', '奔驰', 1, 300, 3000),
       ('000038', '奔驰', 1, 300, 3000),
       ('000039', '奔驰', 1, 300, 3000),
       ('000040', '奔驰', 1, 300, 3000);


insert into customer(custid, cname, cpw, cage, balance)
values
       ('001','巴睿才','001001', 20,9025.18),
       ('002','满明远','002002', 25,39.60),
       ('003','甘宾鸿','003003', 25,24.61),
       ('004','仰德寿','004004', 26,50.40),
       ('005','阚思聪','005005', 27,31.72),
       ('006','后飞白','006006', 28,62.92),
       ('007','彭安康','007007', 29,91.95),
       ('008','农星雨','008008', 25,94.90),
       ('009','贾阳伯','009009', 27,37.18),
       ('010','冷修文','010010', 28,4.45),
       ('011','松宜人','011011', 29,54.18),
       ('012','双康裕','012012', 26,79.61),
       ('013','吴咏德','013013', 25,17.20),
       ('014','桂子民','014014', 24,72.97),
       ('015','靳心思','015015', 23,75.52),
       ('016','印瀚漠','016016', 25,12.89),
       ('017','朱子墨','017017', 26,36.10),
       ('018','空俊友','018018', 28,81.33),
       ('019','司茂才','019019', 28,3.89),
       ('020','那弘毅','020020', 29,25.37);

insert into department(depid, depname)
VALUES
       (1, '运营'),
       (2, '管理');

insert into employee(eid, ename,epw, eage, depid)
VALUES
       ('001','林鹏鲲','001001',32,1),
       ('002','金德元','002002',32,2),
       ('003','邵弘济','003003',33,1),
       ('004','熊向荣','004004',34,2),
       ('005','方成文','005005',34,1),
       ('006','赖阳秋','006006',35,1),
       ('007','易承颜','007007',33,2),
       ('008','孙康盛','008008',33,1),
       ('009','杜烨华','009009',33,2),
       ('010','谭欣荣','010010',33,1),
       ('011','乔良才','011011',33,2),
       ('012','丁志用','012012',33,1),
       ('013','萧良哲','013013',33,2),
       ('014','崔欣然','014014',33,1),
       ('015','漕瀚玥','015015',33,1),
       ('016','邵永怡','016016',33,2),
       ('017','王乐意','017017',33,1),
       ('018','段嘉熙','018018',33,2),
       ('019','李光耀','019019',33,2),
       ('020','白飞鸾','020020',33,2);




